A1,A2,A3,A4,A5,A6,A7,A8,A9,A10,A11,A12,A13,A14,A15,A16,A17,A18,A19,A20,result
1,6,4,3,1169,5,5,4,3,1,4,1,1,3,2,2,3,1,2,1,0
2,48,2,3,5951,1,3,2,2,1,2,1,0,3,2,1,3,1,1,1,1
4,12,4,6,2096,1,4,2,3,1,3,1,1,3,2,1,2,2,1,1,0
1,42,2,2,7882,1,4,2,3,3,4,2,1,3,3,1,3,2,1,1,0
1,24,3,0,4870,1,3,3,3,1,4,4,1,3,3,2,3,2,1,1,1
4,36,2,6,9055,5,3,2,3,1,4,4,0,3,3,1,2,2,2,1,0
4,24,2,2,2835,3,5,3,3,1,4,2,1,3,2,1,3,1,1,1,0
2,36,2,1,6948,1,3,2,3,1,2,3,0,3,1,1,4,1,2,1,0
4,12,2,3,3059,4,4,2,1,1,4,1,1,3,2,1,2,1,1,1,0
2,30,4,0,5234,1,1,4,4,1,2,3,0,3,2,2,4,1,1,1,1
2,12,2,0,1295,1,2,3,2,1,1,3,0,3,1,1,3,1,1,1,1
1,48,2,9,4308,1,2,3,2,1,4,2,0,3,1,1,3,1,1,1,1
2,12,2,3,1567,1,3,1,2,1,1,3,0,3,2,1,3,1,2,1,0
1,24,4,0,1199,1,5,4,3,1,4,3,1,3,2,2,2,1,1,1,1
1,15,2,0,1403,1,3,2,2,1,4,3,0,3,1,1,3,1,1,1,0
1,24,2,3,1282,2,3,4,2,1,2,3,0,3,2,1,2,1,1,1,1
4,24,4,3,2424,5,5,4,3,1,4,2,1,3,2,2,3,1,1,1,0
1,30,0,9,8072,5,2,2,3,1,3,3,0,1,2,3,3,1,1,1,0
2,24,2,1,12579,1,5,4,2,1,2,4,1,3,3,1,4,1,2,1,1
4,24,2,3,3430,3,5,3,3,1,2,3,0,3,2,1,3,2,2,1,0
4,9,4,0,2134,1,3,4,3,1,4,3,1,3,2,3,3,1,2,1,0
1,6,2,3,2647,3,3,2,3,1,3,1,1,3,1,1,3,2,1,1,0
1,10,4,0,2241,1,2,1,3,1,3,1,1,3,1,2,2,2,1,2,0
2,12,4,1,1804,2,2,3,3,1,4,2,1,3,2,1,3,1,1,1,0
4,10,4,2,2069,5,3,2,4,1,1,3,0,3,2,2,3,1,1,2,0
1,6,2,2,1374,1,3,1,3,1,2,1,0,1,2,1,2,1,2,1,0
4,6,0,3,426,1,5,4,4,1,4,3,0,3,2,1,2,1,1,1,0
3,12,1,3,409,4,3,3,2,1,3,1,1,3,1,2,3,1,1,1,0
2,7,2,3,2415,1,3,3,3,3,2,1,0,3,2,1,3,1,1,1,0
1,60,3,9,6836,1,5,3,3,1,4,4,1,3,2,2,3,1,2,1,1
2,18,2,9,1913,4,2,3,4,1,3,1,0,1,2,1,3,1,2,1,0
1,24,2,2,4020,1,3,2,3,1,2,3,0,2,2,1,3,1,1,1,0
2,18,2,0,5866,2,3,2,3,1,2,3,0,3,2,2,3,1,2,1,0
4,12,4,9,1264,5,5,4,3,1,4,4,1,3,1,1,2,1,1,1,0
3,12,2,2,1474,1,2,4,2,1,1,2,0,1,2,1,4,1,2,1,0
2,45,4,3,4746,1,2,4,3,1,2,2,0,3,2,2,2,1,1,1,1
4,48,4,6,6110,1,3,1,3,1,3,4,0,1,3,1,3,1,2,1,0
3,18,2,3,2100,1,3,4,3,2,2,1,0,2,2,1,3,1,1,1,1
3,10,2,4,1225,1,3,2,3,1,2,3,0,3,2,1,3,1,2,1,0
2,9,2,3,458,1,3,4,3,1,3,1,0,3,2,1,3,1,1,1,0
4,30,2,3,2333,3,5,4,3,1,2,3,0,1,2,1,4,1,1,1,0
2,12,2,3,1158,3,3,3,1,1,1,3,0,3,2,1,3,1,2,1,0
2,18,3,5,6204,1,3,2,3,1,4,1,1,3,2,1,2,2,2,1,0
1,30,4,1,6187,2,4,1,4,1,4,3,0,3,1,2,3,1,1,1,0
1,48,4,1,6143,1,5,4,2,1,4,4,1,2,3,2,2,1,1,1,1
4,11,4,0,1393,1,2,4,2,1,4,3,0,3,2,2,4,1,1,1,0
4,36,2,3,2299,3,5,4,3,1,4,3,0,3,2,1,3,1,1,1,0
1,6,2,1,1352,3,1,1,2,1,2,2,0,3,1,1,1,1,2,1,0
4,11,4,0,7228,1,3,1,3,1,4,2,0,3,2,2,2,1,1,1,0
4,12,2,3,2073,2,3,4,2,2,2,1,0,3,2,1,3,1,1,1,0
2,24,3,2,2333,5,2,4,3,1,2,2,0,1,2,1,2,1,1,1,0
2,27,3,1,5965,1,5,1,3,1,2,3,0,3,2,2,4,1,2,1,0
4,12,2,3,1262,1,3,3,3,1,2,3,0,3,2,1,3,1,1,1,0
4,18,2,1,3378,5,3,2,3,1,1,2,0,3,2,1,3,1,2,1,0
2,36,3,0,2225,1,5,4,3,1,4,4,1,1,3,2,3,1,2,1,1
4,6,1,0,783,5,3,1,3,3,2,1,0,2,2,1,2,2,1,1,0
2,12,2,3,6468,5,1,2,3,1,1,4,1,3,2,1,4,1,2,1,1
4,36,4,3,9566,1,3,2,2,1,2,3,0,2,2,2,3,1,1,1,0
3,18,2,0,1961,1,5,3,2,1,2,3,0,3,2,1,4,1,1,1,0
1,36,4,2,6229,1,2,4,2,2,4,4,0,3,1,2,2,1,2,1,1
2,9,2,9,1391,1,3,2,4,1,1,1,0,1,2,1,3,1,2,1,0
2,15,4,3,1537,5,5,4,3,3,4,1,1,3,2,2,3,1,2,1,0
2,36,0,9,1953,1,5,4,3,1,4,4,1,3,3,1,4,1,2,1,1
2,48,0,9,14421,1,3,2,3,1,2,3,0,3,2,1,3,1,2,1,1
4,24,2,3,3181,1,2,4,2,1,4,2,0,3,2,1,3,1,2,1,0
4,27,2,5,5190,5,5,4,3,1,4,2,1,3,2,4,3,2,2,1,0
4,12,2,3,2171,1,2,2,2,1,2,3,0,1,2,1,3,1,1,1,0
2,12,2,0,1007,4,3,4,4,1,1,1,0,3,2,1,3,1,1,1,0
4,36,2,6,1819,1,3,4,3,1,4,4,0,2,3,1,3,1,2,1,1
4,36,2,3,2394,5,3,4,2,1,4,3,0,3,2,1,3,1,1,1,0
4,36,2,1,8133,1,3,1,2,1,2,2,0,1,2,1,3,1,1,1,0
4,7,4,3,730,5,5,4,3,1,2,2,1,3,1,2,2,1,2,1,0
1,8,4,10,1164,1,5,3,3,1,4,4,1,1,3,2,4,2,2,1,0
2,42,4,9,5954,1,4,2,2,1,1,1,1,1,2,2,2,1,1,1,0
1,36,2,6,1977,5,5,4,3,1,4,4,0,3,2,1,4,1,2,1,1
1,12,4,1,1526,1,5,4,3,1,4,4,1,3,3,2,4,1,1,1,0
1,42,2,3,3965,1,2,4,3,1,3,3,0,3,2,1,3,1,1,1,1
2,11,3,3,4771,1,4,2,3,1,4,2,1,3,2,1,3,1,1,1,0
4,54,0,1,9436,5,3,2,3,1,2,2,0,3,2,1,2,2,1,1,0
2,30,2,2,3832,1,2,2,4,1,1,2,0,3,2,1,3,1,1,1,0
4,24,2,3,5943,5,2,1,2,1,1,3,1,3,2,2,3,1,2,1,1
4,15,2,3,1213,3,5,4,3,1,3,2,1,2,2,1,3,1,2,1,0
4,18,2,9,1568,2,3,3,2,1,4,2,0,3,1,1,2,1,1,1,0
1,24,2,10,1755,1,5,4,2,3,4,1,1,3,2,1,2,1,2,1,0
1,10,2,3,2315,1,5,3,3,1,4,1,1,3,2,1,2,1,1,1,0
4,12,4,9,1412,1,3,4,2,3,2,1,0,3,2,2,4,1,2,1,0
2,18,4,2,1295,1,2,4,2,1,1,2,0,3,2,2,3,1,1,1,0
2,36,2,6,12612,2,3,1,3,1,4,4,1,3,3,1,3,2,2,1,1
1,18,2,0,2249,2,4,4,3,1,3,3,0,3,2,1,4,2,2,1,0
1,12,0,5,1108,1,4,4,3,1,3,1,0,3,2,2,3,1,1,1,1
4,12,4,3,618,1,5,4,3,1,4,1,1,3,2,1,3,1,1,1,0
1,12,4,1,1409,1,5,4,3,1,3,1,1,3,2,1,3,1,1,1,0
4,12,4,3,797,5,5,4,2,1,3,2,0,1,2,1,2,2,1,1,1
3,24,4,2,3617,5,5,4,3,2,4,4,0,3,1,2,3,1,1,1,0
2,12,2,0,1318,4,5,4,3,1,4,1,1,3,2,1,3,1,2,1,0
2,54,0,9,15945,1,2,3,3,1,4,4,1,3,1,1,3,1,2,1,1
4,12,4,6,2012,5,4,4,2,1,2,3,1,3,2,1,3,1,1,1,0
2,18,2,9,2622,2,3,4,3,1,4,3,0,3,2,1,3,1,1,1,0
2,36,4,3,2337,1,5,4,3,1,4,1,0,3,2,1,3,1,1,1,0
2,20,3,1,7057,5,4,3,3,1,4,2,0,1,1,2,4,2,2,1,0
4,24,2,0,1469,2,5,4,4,1,4,1,1,3,1,1,2,1,1,1,0
2,36,2,3,2323,1,4,4,3,1,4,3,0,3,1,1,3,1,1,1,0
4,6,3,3,932,1,3,3,2,1,2,1,0,3,2,1,3,1,1,1,0
2,9,4,2,1919,1,4,4,3,1,3,3,0,3,1,1,3,1,2,1,0
4,12,2,1,2445,5,2,2,4,1,4,3,0,3,1,1,3,1,2,1,0
2,24,4,10,11938,1,3,2,3,2,3,3,0,3,2,2,4,2,2,1,1
4,18,1,0,6458,1,5,2,3,1,4,4,0,1,2,2,4,2,2,1,1
2,12,2,0,6078,1,4,2,3,1,2,3,0,3,2,1,3,1,1,1,0
1,24,2,2,7721,5,2,1,2,1,2,2,0,3,2,1,3,1,2,2,0
2,14,2,9,1410,3,5,1,4,1,2,1,0,3,2,1,3,1,2,1,0
2,6,3,9,1449,2,5,1,1,1,2,3,0,1,2,2,3,2,1,1,0
3,15,2,6,392,1,2,4,2,1,4,2,0,3,1,1,3,1,2,1,0
2,18,2,0,6260,1,4,3,3,1,3,1,0,3,1,1,2,1,1,1,0
4,36,4,0,7855,1,3,4,2,1,2,1,0,2,2,2,3,1,2,1,1
1,12,2,3,1680,3,5,3,4,1,1,1,0,3,2,1,3,1,1,1,0
4,48,4,3,3578,5,5,4,3,1,1,1,1,3,2,1,3,1,2,1,0
1,42,2,3,7174,5,4,4,2,1,3,3,0,3,2,1,4,1,2,1,1
1,10,4,2,2132,5,2,2,2,2,3,1,0,3,1,2,3,1,1,2,0
1,33,4,2,4281,3,3,1,2,1,4,3,0,3,2,2,3,1,1,1,1
2,12,4,0,2366,3,4,3,1,1,3,3,0,3,2,1,4,1,2,1,0
1,21,2,3,1835,1,3,3,2,1,2,1,0,3,2,2,3,1,2,1,1
4,24,4,1,3868,1,5,4,2,1,2,3,1,3,1,2,4,1,2,1,0
4,12,2,2,1768,1,3,3,3,1,2,1,0,3,1,1,2,1,1,1,0
3,10,4,0,781,1,5,4,3,1,4,4,1,3,3,2,3,1,2,1,0
2,18,2,2,1924,5,2,4,2,1,3,1,0,3,1,1,3,1,1,1,1
1,12,4,0,2121,1,3,4,3,1,2,2,0,3,2,2,3,1,1,1,0
1,12,2,3,701,1,3,4,4,1,2,1,0,3,2,1,2,1,1,1,0
2,12,2,5,639,1,3,4,3,1,2,3,0,3,2,1,3,1,1,1,1
2,12,4,1,1860,1,1,4,3,1,2,3,0,3,2,2,4,1,2,1,0
1,12,4,0,3499,1,3,3,2,2,2,1,0,3,2,2,3,1,1,1,1
2,48,2,0,8487,5,4,1,2,1,2,3,0,3,2,1,3,1,1,1,0
1,36,3,6,6887,1,3,4,3,1,3,2,0,2,2,1,3,1,2,1,1
4,15,2,2,2708,1,2,2,3,1,3,2,0,1,2,2,2,1,1,1,0
4,18,2,2,1984,1,3,4,3,1,4,4,1,1,3,2,3,1,1,1,0
4,60,2,3,10144,2,4,2,2,1,4,1,0,3,2,1,3,1,2,1,0
4,12,4,3,1240,5,5,4,2,1,2,1,0,3,2,2,3,1,2,1,0
4,27,3,1,8613,4,3,2,3,1,2,3,0,3,2,2,3,1,1,1,0
2,12,2,3,766,3,3,4,3,1,3,1,1,3,2,1,2,1,1,1,1
2,15,4,3,2728,5,4,4,3,3,2,1,0,1,2,3,3,1,2,1,0
3,12,2,3,1881,1,3,2,2,1,2,3,1,3,1,1,2,1,2,1,0
3,6,2,0,709,4,2,2,4,1,2,1,0,3,2,1,1,1,1,2,0
2,36,2,3,4795,1,2,4,2,1,1,4,0,3,2,1,4,1,2,1,0
1,27,2,3,3416,1,3,3,3,1,2,3,0,3,2,1,4,1,1,1,0
1,18,2,2,2462,1,3,2,3,1,2,3,0,3,2,1,3,1,1,1,1
4,21,4,2,2288,1,2,4,2,1,4,2,0,3,2,1,3,1,2,1,0
2,48,1,9,3566,2,4,4,3,1,2,3,0,3,2,1,3,1,1,1,0
1,6,4,0,860,1,5,1,2,1,4,4,0,3,2,2,3,1,2,1,0
4,12,4,0,682,2,4,4,2,1,3,3,1,3,2,2,3,1,2,1,0
1,36,4,2,5371,1,3,3,3,3,2,2,0,3,2,2,3,1,1,1,0
4,18,4,3,1582,4,5,4,3,1,4,3,1,3,2,2,3,1,1,1,0
4,6,2,3,1346,2,5,2,3,1,4,4,1,1,3,1,3,2,2,1,0
4,10,2,3,1924,1,3,1,3,1,4,2,0,3,2,1,3,1,2,2,0
3,36,2,3,5848,1,3,4,3,1,1,3,0,3,2,1,3,1,1,1,0
2,24,4,1,7758,4,5,2,2,1,4,4,0,3,1,1,3,1,1,1,0
2,24,3,9,6967,2,4,4,3,1,4,3,0,3,1,1,4,1,2,1,0
1,12,2,2,1282,1,3,2,2,1,4,3,0,3,1,1,3,1,1,1,1
1,9,4,5,1288,2,5,3,3,3,4,1,1,3,2,2,3,2,1,2,0
1,12,1,8,339,1,5,4,4,1,1,3,1,1,2,1,2,1,1,1,0
2,24,2,0,3512,2,4,2,3,1,3,3,0,1,2,2,3,1,2,1,0
4,6,4,3,1898,5,3,1,3,1,2,1,0,3,2,2,2,2,1,1,0
4,24,4,3,2872,2,5,3,3,1,4,1,0,3,2,1,3,2,2,1,0
4,18,4,0,1055,1,2,4,2,1,1,2,0,3,2,2,3,1,1,1,0
4,15,2,4,1262,3,4,4,3,1,3,2,0,3,2,2,3,1,2,1,0
2,10,2,0,7308,1,1,2,3,1,4,4,1,1,3,1,4,1,2,1,0
4,36,2,0,909,3,5,4,3,1,4,2,0,3,2,1,3,1,1,1,0
4,6,2,2,2978,3,3,1,3,1,2,3,0,3,2,1,3,1,2,1,0
1,18,2,2,1131,1,1,4,2,1,2,3,0,3,2,1,3,1,1,1,1
2,11,2,2,1577,4,2,4,2,1,1,1,0,3,2,1,3,1,1,1,0
4,24,2,2,3972,1,4,2,2,1,4,2,0,3,1,1,3,1,2,1,0
2,24,4,9,1935,1,5,4,1,1,4,1,0,3,2,2,3,1,2,1,1
1,15,0,0,950,1,5,4,3,1,3,3,0,3,1,2,3,2,1,1,1
4,12,2,2,763,1,3,4,2,1,1,1,0,3,2,1,3,1,2,1,0
2,24,3,2,2064,1,1,3,2,1,2,2,0,3,2,1,4,1,2,1,1
2,8,2,3,1414,1,3,4,3,3,2,1,0,3,2,1,3,1,1,2,0
1,21,3,6,3414,1,2,2,3,1,1,2,0,3,2,2,3,1,1,1,1
4,30,1,1,7485,5,1,4,2,1,1,1,1,1,2,1,4,1,2,1,1
1,12,2,2,2577,1,3,2,1,1,1,3,1,3,2,1,3,1,1,1,0
1,6,4,3,338,3,5,4,3,1,4,3,1,3,2,2,3,1,1,1,0
4,12,2,3,1963,1,4,4,3,1,2,3,0,3,1,2,4,2,2,1,0
1,21,4,0,571,1,5,4,3,1,4,1,1,3,2,2,3,1,1,1,0
4,36,3,9,9572,1,2,1,1,1,1,3,0,3,2,2,3,1,1,1,1
2,36,3,9,4455,1,3,2,1,1,2,1,0,2,2,2,4,1,2,1,1
1,21,1,0,1647,5,3,4,3,1,2,2,0,3,2,2,2,2,1,1,1
4,24,4,2,3777,4,3,4,3,1,4,1,1,3,2,1,3,1,2,1,0
2,18,4,0,884,1,5,4,3,1,4,3,0,1,2,1,3,2,2,1,1
4,15,4,3,1360,1,3,4,3,1,2,2,0,3,2,2,3,1,1,1,0
2,9,1,1,5129,1,5,2,2,1,4,4,1,1,3,1,4,2,2,1,1
2,16,4,0,1175,1,1,2,3,1,3,3,1,3,3,3,1,1,2,1,0
1,12,2,3,674,2,4,4,4,1,1,2,0,3,2,1,3,1,1,1,1
2,18,0,2,3244,1,3,1,2,1,4,3,0,1,2,2,3,1,2,1,0
4,24,2,9,4591,4,3,2,3,1,3,2,1,3,2,3,4,1,2,1,1
2,48,0,9,3844,2,4,4,3,1,4,4,0,3,3,1,2,2,1,1,1
2,27,2,9,3915,1,3,4,3,1,2,3,0,3,2,1,3,2,2,1,1
4,6,2,3,2108,1,4,2,4,1,2,1,0,3,1,1,3,1,1,1,0
2,45,2,3,3031,2,3,4,3,3,4,2,0,3,1,1,3,1,1,1,1
2,9,4,6,1501,1,5,2,2,1,3,3,0,3,2,2,4,1,2,1,1
4,6,4,3,1382,1,3,1,2,1,1,3,0,3,2,2,3,1,2,1,0
2,12,2,2,951,2,2,4,2,1,4,3,0,1,1,4,3,1,1,1,1
2,24,2,1,2760,5,5,4,3,1,4,4,0,1,3,1,3,1,2,1,0
2,18,3,2,4297,1,5,4,1,1,3,4,0,3,2,1,4,1,2,1,1
4,9,4,6,936,3,5,4,3,1,2,3,1,3,2,2,3,1,2,1,0
1,12,2,0,1168,1,3,4,4,1,3,1,0,3,2,1,2,1,1,1,0
4,27,3,9,5117,1,4,3,3,1,4,3,0,3,2,2,3,1,1,1,0
1,12,2,8,902,1,4,4,4,1,4,2,0,3,1,1,3,1,1,1,1
4,12,4,0,1495,1,5,4,3,1,1,1,0,3,2,2,2,2,1,1,0
1,30,4,1,10623,1,5,3,3,1,4,4,0,3,3,3,4,2,2,1,0
4,12,4,2,1935,1,5,4,3,1,4,1,1,3,2,3,3,1,2,1,0
2,12,4,4,1424,1,4,4,3,1,3,2,0,3,2,1,3,1,1,1,0
1,24,2,9,6568,1,3,2,4,1,2,3,0,2,2,1,2,1,1,1,0
4,12,2,1,1413,4,4,3,3,1,2,2,1,3,2,1,3,1,1,2,0
4,9,4,3,3074,5,3,1,3,1,2,1,0,3,2,2,3,2,1,1,0
4,36,2,3,3835,5,5,2,2,1,4,1,1,3,2,1,2,1,2,1,0
1,27,0,9,5293,1,1,2,3,1,4,2,1,2,2,2,3,1,2,1,1
3,30,3,9,1908,1,5,4,3,1,4,1,1,3,2,1,4,1,2,1,1
4,36,4,3,3342,5,5,4,3,1,2,3,1,3,2,1,3,1,2,1,0
2,6,4,8,932,5,4,1,2,1,3,2,0,3,2,2,2,1,1,1,0
1,18,0,9,3104,1,4,3,3,1,1,2,0,1,2,1,3,1,2,1,0
3,36,2,3,3913,1,3,2,3,1,2,1,0,3,2,1,3,1,2,1,0
1,24,2,2,3021,1,3,2,1,1,2,1,0,3,1,1,2,1,1,1,0
4,10,2,0,1364,1,3,2,2,1,4,3,1,3,2,1,3,1,2,1,0
2,12,2,3,625,1,2,4,4,3,1,1,0,1,2,1,2,1,1,1,0
1,12,2,6,1200,5,3,4,2,1,4,2,0,1,1,1,3,1,2,1,0
4,12,2,3,707,1,3,4,3,1,2,1,0,1,2,2,3,1,1,1,0
4,24,3,9,2978,5,3,4,3,1,4,1,0,3,2,2,3,2,2,1,0
4,15,2,1,4657,1,3,3,3,1,2,3,0,3,2,1,3,1,2,1,0
4,36,0,5,2613,1,3,4,3,1,2,3,0,3,2,2,3,1,1,1,0
2,48,2,3,10961,4,4,1,3,2,2,4,0,1,2,2,3,1,2,1,1
1,12,2,2,7865,1,5,4,3,1,4,4,1,3,3,1,4,1,2,1,1
4,9,2,3,1478,1,4,4,3,1,2,3,0,3,2,1,3,1,1,1,1
1,24,2,2,3149,1,2,4,3,1,1,4,0,1,3,1,3,1,1,1,0
3,36,2,3,4210,1,3,4,3,1,2,3,0,3,2,1,3,1,1,1,1
4,9,2,0,2507,3,5,2,3,1,4,4,1,3,3,1,2,1,1,1,0
4,12,2,3,2141,2,4,3,3,1,1,4,0,3,2,1,3,1,1,1,0
2,18,2,3,866,1,3,4,4,3,2,1,0,3,2,1,2,1,1,1,0
4,4,4,3,1544,1,4,2,3,1,1,1,1,3,2,3,2,2,1,1,0
1,24,2,3,1823,1,1,4,3,1,2,3,0,2,2,1,4,2,1,1,1
2,6,2,0,14555,5,1,1,3,1,2,2,0,3,2,1,1,1,2,1,1
2,21,2,9,2767,2,5,4,1,1,2,3,1,1,1,2,2,1,1,1,1
4,12,4,3,1291,1,3,4,2,1,2,2,0,3,2,2,3,1,1,1,0
1,30,2,3,2522,1,5,1,3,3,3,2,0,3,2,1,3,2,1,1,0
1,24,2,0,915,5,5,4,2,1,2,3,0,1,2,1,3,1,1,1,1
4,6,2,3,1595,1,4,3,3,1,2,2,1,3,2,1,3,2,1,1,0
1,48,0,1,4605,1,5,3,3,1,4,4,0,3,3,2,3,2,1,1,1
4,12,4,9,1185,1,3,3,2,1,2,1,0,3,2,2,3,1,1,1,0
4,12,1,8,3447,3,3,4,2,1,3,1,0,3,2,1,2,2,1,1,0
4,24,2,9,1258,1,4,4,3,1,1,1,0,3,2,1,3,1,2,1,0
4,12,4,3,717,1,5,4,3,1,4,1,1,3,2,3,3,1,1,1,0
4,6,0,0,1204,2,3,4,3,1,1,4,0,1,1,1,3,1,1,2,0
3,24,2,2,1925,1,3,2,3,1,2,1,0,3,2,1,3,1,1,1,0
4,18,2,3,433,1,1,3,2,2,4,1,0,3,1,1,3,1,1,1,1
1,6,4,0,666,4,4,3,2,1,4,1,0,3,2,2,2,1,2,1,0
3,12,2,2,2251,1,3,1,2,1,2,3,1,3,2,1,2,1,1,1,0
2,30,2,0,2150,1,3,4,2,3,2,4,0,1,2,1,3,1,1,1,1
4,24,3,2,4151,2,3,2,3,1,3,2,0,3,2,2,3,1,1,1,0
2,9,2,2,2030,5,4,2,3,1,1,3,0,3,2,1,3,1,2,1,0
2,60,3,3,7418,5,3,1,3,1,1,1,0,3,2,1,2,1,1,1,0
4,24,4,3,2684,1,3,4,3,1,2,1,0,3,2,2,2,1,1,1,0
1,12,1,3,2149,1,3,4,1,1,1,4,0,3,3,1,3,1,1,1,1
4,15,2,1,3812,2,2,1,2,1,4,3,0,3,2,1,3,1,2,1,0
4,11,4,3,1154,2,1,4,2,1,4,1,1,3,2,3,2,1,1,1,0
1,12,2,2,1657,1,3,2,3,1,2,1,0,3,2,1,3,1,1,1,0
1,24,2,3,1603,1,5,4,2,1,4,3,1,3,2,1,3,1,1,1,0
1,18,4,0,5302,1,5,2,3,1,4,4,0,3,3,3,4,1,2,1,0
4,12,4,6,2748,1,5,2,2,1,4,4,1,1,3,3,2,1,1,1,0
4,10,4,0,1231,1,5,3,3,1,4,1,0,3,2,2,2,2,1,2,0
2,15,2,3,802,1,5,4,3,1,3,3,0,3,2,1,3,2,1,1,1
4,36,4,9,6304,5,5,4,3,1,4,1,0,3,2,2,3,1,1,1,0
4,24,2,3,1533,1,2,4,2,1,3,3,0,2,2,1,3,1,2,1,0
1,14,2,0,8978,1,5,1,1,1,4,2,1,3,2,1,4,1,2,2,1
4,24,2,3,999,5,5,4,3,1,2,3,0,3,2,2,3,1,1,1,0
4,18,2,0,2662,5,4,4,3,1,3,2,0,3,2,1,3,1,1,2,0
4,12,4,2,1402,3,4,3,2,1,4,3,0,3,1,1,3,1,2,1,0
2,48,1,0,12169,5,1,4,3,2,4,4,0,3,3,1,4,1,2,1,0
2,48,2,3,3060,1,4,4,3,1,4,1,0,3,2,2,3,1,1,1,1
1,30,2,5,11998,1,2,1,1,1,1,4,0,3,2,1,2,1,2,1,1
4,9,2,3,2697,1,3,1,3,1,2,1,0,3,2,1,3,2,1,1,0
4,18,4,3,2404,1,3,2,2,1,2,3,0,3,2,2,3,1,1,1,0
1,12,2,2,1262,5,5,2,1,1,4,2,1,3,2,1,2,1,2,1,0
4,6,2,2,4611,1,2,1,2,1,4,2,0,3,2,1,3,1,1,1,1
4,24,2,3,1901,2,3,4,3,1,4,3,0,3,1,1,4,1,2,1,0
4,15,4,1,3368,4,5,3,3,1,4,4,0,3,1,2,3,1,2,1,0
4,12,2,2,1574,1,3,4,3,1,2,1,1,3,2,1,3,1,1,1,0
3,18,1,3,1445,5,4,4,3,1,4,3,1,1,2,1,2,1,1,1,0
4,15,4,2,1520,5,5,4,3,1,4,2,1,3,2,1,3,1,1,1,0
2,24,4,0,3878,2,2,4,1,1,2,3,0,3,2,1,3,1,2,1,0
1,47,2,0,10722,1,2,1,2,1,1,1,0,3,2,1,2,1,2,1,0
1,48,2,1,4788,1,4,4,3,1,3,2,0,3,2,1,3,2,1,1,0
2,48,3,10,7582,2,1,2,3,1,4,4,0,3,3,1,4,1,2,1,0
2,12,2,3,1092,1,3,4,2,3,4,1,1,3,2,2,3,1,2,1,0
1,24,3,3,1024,1,2,4,4,1,4,1,1,2,2,1,3,1,1,1,1
4,12,2,9,1076,1,3,2,4,1,2,1,0,3,2,1,3,1,2,2,0
2,36,2,1,9398,1,2,1,4,1,4,3,0,3,1,1,4,1,2,1,1
1,24,4,1,6419,1,5,2,2,1,4,4,1,3,3,2,4,2,2,1,0
3,42,4,1,4796,1,5,4,3,1,4,4,1,3,3,1,3,1,1,1,0
4,48,4,9,7629,5,5,4,1,1,2,3,1,1,2,2,4,2,1,1,0
2,48,2,2,9960,1,2,1,2,1,2,3,0,3,2,1,3,1,2,1,1
4,12,2,1,4675,5,2,1,2,1,4,3,0,3,1,1,3,1,1,1,0
4,10,2,0,1287,5,5,4,3,2,2,2,1,3,2,1,2,1,1,2,0
4,18,2,2,2515,1,3,3,3,1,4,1,1,3,2,1,3,1,2,1,0
2,21,4,2,2745,4,4,3,3,1,2,3,0,3,2,2,3,1,2,1,0
4,6,2,0,672,1,1,1,2,1,4,1,1,3,2,1,1,1,2,1,0
2,36,0,3,3804,1,3,4,2,1,1,3,1,3,2,1,3,1,2,1,1
3,24,4,0,1344,5,4,4,3,1,2,1,0,1,2,2,2,2,1,1,1
1,10,4,0,1038,1,4,4,3,2,3,2,1,3,2,2,3,1,2,1,0
4,48,4,0,10127,3,3,2,3,1,2,4,1,1,3,1,3,1,1,1,1
4,6,2,2,1543,4,3,4,1,1,2,1,0,3,2,1,3,1,1,1,0
4,30,2,1,4811,5,4,2,2,1,4,2,0,2,1,1,2,1,1,1,0
1,12,2,3,727,2,2,4,4,1,3,4,0,3,2,1,2,1,2,1,1
2,8,2,2,1237,1,3,3,2,1,4,1,0,3,2,1,3,1,1,1,1
2,9,2,0,276,1,3,4,4,1,4,1,0,3,1,1,2,1,1,1,0
2,48,2,10,5381,5,1,3,3,1,4,4,0,1,3,1,1,1,2,1,0
4,24,2,2,5511,2,3,4,3,1,1,3,0,2,2,1,3,1,1,1,0
3,24,2,2,3749,1,2,2,2,1,4,3,0,3,2,1,3,1,1,1,0
2,12,2,0,685,1,4,2,4,1,3,3,0,1,2,1,2,1,1,1,1
3,4,2,0,1494,5,2,1,3,1,2,1,0,3,2,1,2,2,1,2,0
1,36,1,2,2746,1,5,4,3,1,4,3,0,1,2,1,3,1,1,1,1
1,12,2,2,708,1,3,2,3,3,3,2,0,3,2,1,2,2,1,1,0
2,24,2,2,4351,5,3,1,2,1,4,2,1,3,2,1,2,1,2,1,0
4,12,4,6,701,1,3,4,3,1,2,3,0,3,2,2,3,1,1,1,0
1,15,3,2,3643,1,5,1,2,1,4,2,0,3,2,2,2,1,1,1,0
2,30,4,0,4249,1,1,4,4,1,2,3,0,3,2,2,4,1,1,1,1
1,24,2,3,1938,1,2,4,1,1,3,2,0,3,2,1,3,1,1,1,1
1,24,2,1,2910,1,4,2,3,1,1,4,0,3,3,1,4,1,2,1,0
1,18,2,2,2659,4,3,4,3,1,2,3,0,3,2,1,3,1,1,1,0
4,18,4,0,1028,1,3,4,2,1,3,1,0,3,2,2,3,1,1,1,0
1,8,4,0,3398,1,4,1,3,1,4,1,0,3,2,2,2,1,1,2,0
4,12,4,2,5801,5,5,2,3,1,4,2,1,3,1,1,3,1,2,1,0
4,24,2,0,1525,4,4,4,2,1,3,3,0,3,2,1,3,2,2,1,0
3,36,2,3,4473,1,5,4,3,1,2,3,0,3,2,1,3,1,1,1,0
2,6,2,3,1068,1,5,4,3,1,4,3,0,3,2,1,3,2,1,1,0
1,24,4,1,6615,1,1,2,3,1,4,4,1,3,3,2,4,1,2,1,0
4,18,4,6,1864,2,3,4,2,1,2,1,0,3,2,2,3,1,1,1,1
2,60,2,0,7408,2,2,4,2,1,2,2,0,3,2,1,4,1,1,1,1
4,48,4,1,11590,2,3,2,2,1,4,3,0,1,1,2,2,1,1,1,1
1,24,0,2,4110,1,5,3,3,1,4,4,0,1,1,2,3,2,1,1,1
1,6,4,2,3384,1,3,1,1,1,4,1,1,3,1,1,4,1,2,1,1
2,13,2,3,2101,1,2,2,2,3,4,2,0,3,2,1,2,1,1,1,0
1,15,2,4,1275,5,3,4,2,1,2,3,0,3,1,1,3,1,1,1,1
1,24,2,2,4169,1,3,4,3,1,4,2,0,3,2,1,3,1,1,1,0
2,10,2,2,1521,1,3,4,1,1,2,3,0,3,2,1,2,1,1,1,0
2,24,4,6,5743,1,2,2,2,1,4,4,0,3,3,2,3,1,2,1,0
1,21,2,2,3599,1,4,1,2,1,4,3,0,3,1,1,2,1,1,1,0
2,18,2,3,3213,3,2,1,4,1,3,1,0,3,1,1,3,1,1,1,0
2,18,2,9,4439,1,5,1,3,2,1,1,0,1,2,1,4,1,2,1,0
3,10,2,0,3949,1,2,1,3,3,1,2,0,3,2,1,2,2,1,1,0
4,15,4,3,1459,1,3,4,2,1,2,3,1,3,2,1,2,1,1,1,0
2,13,4,3,882,1,2,4,3,3,4,1,0,3,2,2,3,1,1,1,0
2,24,2,3,3758,3,1,1,2,1,4,4,0,3,1,1,1,1,1,1,0
4,6,3,9,1743,2,3,1,3,1,2,1,0,3,2,2,2,1,1,1,0
2,9,4,6,1136,4,5,4,3,1,3,4,0,3,3,2,3,2,1,1,1
4,9,2,4,1236,1,2,1,2,1,4,1,0,3,1,1,3,1,2,1,0
2,9,2,2,959,1,3,1,2,1,2,3,0,3,2,1,3,1,1,2,1
4,18,4,1,3229,5,1,2,3,1,4,4,0,3,2,1,4,1,2,1,0
1,12,0,3,6199,1,3,4,3,1,2,2,0,3,1,2,3,1,2,1,1
4,10,2,6,727,3,5,4,3,1,4,4,1,3,3,1,3,1,2,1,0
2,24,2,0,1246,1,2,4,3,1,2,1,0,2,2,1,2,1,1,1,1
4,12,4,3,2331,5,5,1,3,2,4,1,1,3,2,1,3,1,2,1,0
4,36,3,3,4463,1,3,4,3,1,2,3,0,3,2,2,4,1,2,1,1
4,12,2,3,776,1,3,4,4,1,2,1,0,3,2,1,3,1,1,1,0
1,30,2,2,2406,1,4,4,2,1,4,1,0,3,1,1,3,1,1,1,1
2,18,2,6,1239,5,3,4,3,1,4,4,1,3,3,1,3,1,1,1,0
3,12,2,3,3399,5,5,2,3,1,3,3,0,3,2,1,4,1,1,1,0
3,12,3,0,2247,1,3,2,2,1,2,3,0,2,2,2,3,1,2,1,0
4,6,2,2,1766,1,3,1,4,1,2,2,0,3,1,1,3,1,1,1,0
1,18,2,2,2473,1,1,4,3,1,1,3,0,3,2,1,1,1,1,1,1
4,12,2,9,1542,1,4,2,3,1,4,3,0,3,2,1,3,1,2,1,0
4,18,4,1,3850,1,4,3,3,1,1,3,0,3,2,2,3,1,1,1,0
1,18,2,2,3650,1,2,1,2,1,4,3,0,3,1,1,3,1,1,1,0
1,36,2,2,3446,1,5,4,3,1,2,3,1,3,2,1,3,2,1,1,1
2,18,2,2,3001,1,4,2,2,1,4,1,0,3,1,1,3,1,1,1,0
4,36,2,0,3079,5,3,4,3,1,4,1,0,3,2,1,3,1,1,1,0
4,18,4,3,6070,1,5,3,3,1,4,3,0,3,2,2,3,1,2,1,0
4,10,4,2,2146,1,2,1,2,1,3,1,0,3,1,2,3,1,1,1,0
4,60,4,0,13756,5,5,2,3,1,4,4,1,1,3,1,4,1,2,1,0
2,60,1,10,14782,2,5,3,2,1,4,4,1,1,3,2,4,1,2,1,1
1,48,1,9,7685,1,4,2,2,3,4,3,0,3,1,1,3,1,1,1,1
4,18,3,3,2320,1,1,2,4,1,3,1,0,3,2,2,3,1,1,1,0
4,7,3,3,846,5,5,3,3,1,4,4,0,3,3,1,3,1,1,1,0
2,36,2,0,14318,1,5,4,3,1,2,4,1,3,3,1,4,1,2,1,1
4,6,4,0,362,2,3,4,2,1,4,3,1,3,2,2,2,1,1,1,0
1,20,2,2,2212,5,4,4,3,1,4,3,0,3,2,1,3,1,2,1,0
2,18,2,1,12976,1,1,3,2,1,4,4,0,3,3,1,4,1,2,1,1
4,22,2,0,1283,5,4,4,2,1,4,2,0,3,1,1,3,1,1,1,0
3,12,2,0,1330,1,2,4,3,1,1,1,0,3,2,1,3,1,1,1,0
4,30,3,9,4272,2,3,2,3,1,2,2,0,3,2,2,2,1,1,1,0
4,18,4,3,2238,1,3,2,2,1,1,3,0,3,2,2,3,1,1,1,0
4,18,2,3,1126,5,2,4,2,1,2,1,0,3,1,1,3,1,2,1,0
2,18,4,2,7374,1,1,4,3,1,4,2,0,2,2,2,4,1,2,1,0
2,15,4,9,2326,3,3,2,3,1,4,3,0,1,2,1,3,1,1,1,0
4,9,2,9,1449,1,4,3,2,1,2,3,0,3,2,2,3,1,1,1,0
4,18,2,0,1820,1,3,2,4,1,2,2,0,3,2,1,4,1,2,1,0
2,12,2,2,983,4,2,1,2,1,4,1,0,3,1,1,2,1,1,1,0
1,36,2,0,3249,1,4,2,3,1,4,4,0,1,3,1,4,2,2,1,0
1,6,4,3,1957,1,4,1,2,1,4,3,0,3,2,1,3,1,1,1,0
4,9,4,2,2406,1,1,2,3,1,3,3,0,3,2,1,4,1,1,1,0
2,39,3,6,11760,2,4,2,3,1,3,4,0,3,1,1,3,1,2,1,0
1,12,2,2,2578,1,1,3,2,1,4,4,1,3,3,1,4,1,1,1,0
1,36,4,2,2348,1,3,3,4,1,2,2,1,3,2,2,3,1,2,1,0
2,12,2,0,1223,1,5,1,1,1,1,1,1,3,1,2,3,1,1,1,1
4,24,4,3,1516,4,3,4,2,1,1,1,1,3,2,2,2,1,1,1,0
4,18,2,3,1473,1,2,3,4,1,4,1,0,3,2,1,3,1,2,1,0
2,18,4,9,1887,5,3,4,4,1,4,1,0,1,2,2,3,1,1,1,0
4,24,3,9,8648,1,2,2,3,1,2,3,0,1,2,2,3,1,2,1,1
4,14,3,0,802,1,3,4,3,1,2,3,0,3,2,2,2,1,1,1,0
2,18,3,0,2899,5,5,4,3,1,4,3,1,3,2,1,3,2,1,1,0
2,24,2,3,2039,1,2,1,4,1,1,2,0,3,2,1,3,1,2,1,1
4,24,4,1,2197,5,4,4,3,1,4,3,1,3,2,2,3,2,2,1,0
1,15,2,3,1053,1,2,4,4,1,2,1,0,3,2,1,3,1,1,2,0
4,24,2,3,3235,3,5,3,1,1,2,3,0,3,2,1,4,1,2,1,0
3,12,4,0,939,3,4,4,4,1,2,1,0,3,2,3,3,1,2,1,1
2,24,2,3,1967,1,5,4,2,1,4,3,0,3,2,1,3,1,2,1,0
4,33,4,1,7253,1,4,3,3,1,2,3,0,3,2,2,4,1,2,1,0
4,12,4,9,2292,1,1,4,3,1,2,3,1,2,2,2,4,1,2,1,1
4,10,2,0,1597,3,3,3,3,1,2,4,0,3,1,1,2,2,1,2,0
1,24,2,0,1381,5,3,4,2,1,2,2,0,3,2,1,3,1,1,1,1
4,36,4,1,5842,1,5,2,3,1,2,2,0,3,2,2,3,2,2,1,0
1,12,2,0,2579,1,2,4,3,1,1,1,0,3,2,1,2,2,1,1,1
1,18,3,6,8471,5,3,1,2,1,2,3,0,3,1,2,3,1,2,1,0
4,21,2,0,2782,3,4,1,2,1,2,3,0,1,2,1,4,1,1,1,0
2,18,2,0,1042,5,3,4,2,1,2,2,0,3,2,1,3,1,1,1,1
4,15,2,0,3186,4,4,2,2,1,3,3,0,3,1,1,3,1,1,1,0
2,12,2,1,2028,5,3,4,3,1,2,3,0,3,2,1,3,1,1,1,0
2,12,4,0,958,1,4,2,3,1,3,1,1,3,2,2,2,2,1,1,0
4,21,3,2,1591,2,4,4,3,1,3,1,0,3,2,2,4,1,1,1,0
2,12,2,2,2762,5,5,1,2,1,2,2,0,1,2,1,3,1,2,1,1
2,18,2,1,2779,1,3,1,4,1,3,3,0,3,1,1,3,1,2,1,0
4,28,4,3,2743,1,5,4,3,1,2,3,0,3,2,2,3,1,1,1,0
4,18,4,3,1149,4,3,4,3,1,3,1,1,3,2,2,3,1,1,1,0
4,9,2,2,1313,1,5,1,3,1,4,3,0,3,2,1,3,1,1,1,0
1,18,4,5,1190,1,1,2,2,1,4,4,1,3,3,3,1,2,1,1,1
4,5,2,9,3448,1,4,1,3,1,4,1,1,3,2,1,2,1,1,1,0
2,24,2,10,11328,1,3,2,3,2,3,3,0,1,2,2,4,1,2,1,1
1,6,4,2,1872,1,1,4,3,1,4,4,0,3,3,3,4,1,2,1,0
4,24,4,5,2058,1,3,4,1,1,2,1,0,3,2,2,3,1,2,1,0
1,9,2,2,2136,1,3,3,3,1,2,1,0,3,2,1,3,1,1,1,0
2,12,2,3,1484,5,3,2,4,1,1,1,0,3,2,1,3,1,2,1,1
4,6,2,5,660,3,4,2,4,1,4,1,0,3,1,1,2,1,1,1,0
4,24,4,0,1287,4,5,4,2,1,4,1,0,3,2,2,3,1,2,1,0
1,42,4,5,3394,1,1,4,3,2,4,3,1,3,2,2,1,1,1,1,0
3,12,1,9,609,1,2,4,2,1,1,1,0,3,2,1,1,1,1,1,1
4,12,2,0,1884,1,5,4,3,1,4,3,0,3,2,1,4,1,2,1,0
1,12,2,2,1620,1,3,2,2,2,3,2,0,3,2,1,3,1,1,1,0
2,20,3,10,2629,1,3,2,3,1,3,3,0,1,2,2,3,1,2,1,0
4,12,2,6,719,1,5,4,3,1,4,3,1,1,2,1,2,2,1,1,1
2,48,4,2,5096,1,3,2,2,1,3,3,0,3,2,1,4,1,2,1,1
4,9,4,6,1244,5,5,4,2,1,4,2,1,3,1,2,2,1,1,1,0
1,36,2,0,1842,1,2,4,2,1,4,3,0,3,2,1,3,1,2,1,1
2,7,2,3,2576,1,3,2,3,3,2,1,0,3,2,1,3,1,1,1,0
3,12,2,2,1424,5,5,3,2,1,4,1,1,3,2,1,4,1,2,1,0
2,15,3,5,1512,4,3,3,4,1,3,2,1,2,2,2,3,1,1,1,1
4,36,4,1,11054,5,3,4,3,1,2,3,0,3,2,1,4,1,2,1,0
4,6,2,3,518,1,3,3,2,1,1,1,0,3,2,1,3,1,1,1,0
4,12,0,2,2759,1,5,2,3,1,4,2,0,3,2,2,3,1,1,1,0
4,24,2,1,2670,1,5,4,3,1,4,3,0,3,2,1,4,1,2,1,0
1,24,2,0,4817,1,4,2,3,2,3,2,0,3,2,1,3,1,2,1,1
4,24,2,1,2679,1,2,4,2,1,1,4,0,3,2,1,4,1,2,1,0
1,11,4,0,3905,1,3,2,3,1,2,1,0,3,1,2,3,2,1,1,0
1,12,2,1,3386,1,5,3,3,1,4,4,0,3,3,1,3,1,2,1,1
1,6,2,4,343,1,2,4,2,1,1,1,0,3,2,1,3,1,1,1,0
4,18,2,3,4594,1,2,3,3,1,2,3,0,3,2,1,3,1,2,1,0
1,36,2,2,3620,1,3,1,3,3,2,2,0,3,2,1,3,2,1,1,0
1,15,2,0,1721,1,2,2,3,1,3,1,0,3,2,1,3,1,1,1,0
2,12,2,2,3017,1,2,3,2,1,1,1,0,3,1,1,4,1,1,1,0
2,12,2,8,754,5,5,4,3,1,4,2,0,3,2,2,3,1,1,1,0
4,18,2,9,1950,1,4,4,3,1,1,3,0,2,2,2,3,1,2,1,0
1,24,2,1,2924,1,3,3,3,3,4,4,1,1,2,1,3,2,2,1,0
1,24,3,3,1659,1,2,4,2,1,2,3,0,3,1,1,2,1,2,1,1
4,48,3,3,7238,5,5,3,3,1,3,3,0,1,2,2,3,2,1,1,0
4,33,3,9,2764,1,3,2,2,1,2,3,0,3,2,2,3,1,2,1,0
4,24,3,1,4679,1,4,3,3,1,3,3,0,3,2,2,2,1,2,1,0
2,24,2,3,3092,2,2,3,4,1,2,3,0,3,1,1,3,1,2,1,1
1,6,2,6,448,1,2,4,2,1,4,2,0,3,2,1,3,1,1,1,1
1,9,2,0,654,1,3,4,3,1,3,3,0,3,2,1,2,1,1,1,1
4,6,2,8,1238,5,1,4,3,1,4,2,0,3,2,1,4,2,2,1,0
2,18,4,3,1245,1,3,4,4,1,2,3,0,3,2,1,3,1,1,1,1
1,18,0,2,3114,1,2,1,2,1,4,2,0,3,1,1,3,1,1,1,1
4,39,2,1,2569,3,3,4,3,1,4,3,0,3,2,1,3,1,1,1,0
3,24,2,3,5152,1,4,4,3,1,2,3,0,1,2,1,3,1,1,1,0
2,12,2,9,1037,2,4,3,3,1,4,1,0,3,2,1,2,1,1,1,0
1,15,4,2,1478,1,5,4,3,1,4,3,1,3,2,2,3,2,2,1,0
2,12,4,3,3573,1,3,1,2,1,1,1,0,3,2,1,2,1,1,1,0
2,24,2,0,1201,1,2,4,3,1,1,2,0,3,2,1,3,1,1,1,0
1,30,2,2,3622,4,5,4,2,1,4,2,1,3,1,2,3,1,2,1,0
4,15,3,2,960,4,4,3,2,1,2,2,0,3,2,2,3,1,1,1,0
4,12,4,0,1163,3,3,4,3,1,4,1,1,3,2,1,3,1,2,1,0
2,6,3,0,1209,1,1,4,3,1,4,2,1,3,2,1,4,1,2,1,1
4,12,2,3,3077,1,3,2,3,1,4,3,1,3,2,1,3,1,2,1,0
4,24,2,0,3757,1,5,4,2,2,4,4,1,3,3,1,3,1,2,1,0
4,10,2,0,1418,2,3,3,3,1,2,1,0,3,1,1,2,1,1,2,0
4,6,2,0,3518,1,3,2,3,3,3,2,0,3,1,1,3,1,1,1,0
4,12,4,3,1934,1,5,2,3,1,2,4,0,3,2,2,3,1,1,1,0
2,27,0,9,8318,1,5,2,2,1,4,4,1,3,3,2,4,1,2,1,1
4,6,4,3,1237,2,3,1,2,1,1,2,0,3,2,2,3,1,1,1,0
2,6,2,3,368,5,5,4,3,1,4,2,0,3,2,1,3,1,1,1,0
1,12,4,0,2122,1,3,3,3,1,2,1,0,3,1,2,2,2,1,2,0
1,24,2,2,2996,5,3,2,4,1,4,3,0,3,2,1,3,1,1,1,1
2,36,2,2,9034,2,2,4,3,2,1,4,0,3,1,1,4,1,2,1,1
4,24,4,2,1585,1,4,4,3,1,3,2,0,3,2,2,3,1,1,1,0
2,18,2,3,1301,1,5,4,4,3,2,1,0,3,2,1,2,1,1,1,0
3,6,4,0,1323,2,5,2,1,1,4,3,0,3,2,2,3,2,2,1,0
1,24,2,0,3123,1,2,4,2,1,1,2,0,3,2,1,3,1,1,1,1
1,36,2,1,5493,1,5,2,3,1,4,4,1,3,3,1,3,2,1,1,0
3,9,2,3,1126,2,5,2,1,1,4,1,1,3,2,1,3,1,1,1,0
2,24,4,3,1216,2,2,4,3,1,4,4,0,1,2,2,3,2,1,1,1
1,24,2,0,1207,1,2,4,2,1,4,2,0,3,1,1,3,1,1,1,1
4,10,2,0,1309,5,3,4,3,3,4,2,0,3,2,1,2,1,1,1,1
3,15,4,1,2360,3,3,2,3,1,2,3,0,3,2,1,3,1,2,1,0
2,15,1,0,6850,2,1,1,3,1,2,2,0,3,2,1,4,2,2,1,1
4,24,2,3,1413,1,3,4,4,1,2,2,0,3,2,1,3,1,1,1,0
4,39,2,1,8588,2,5,4,3,1,2,3,1,3,2,1,4,1,2,1,0
1,12,2,0,759,1,4,4,3,1,2,1,0,3,2,1,3,1,1,1,1
4,36,2,1,4686,1,3,2,3,1,2,4,0,3,3,1,4,1,2,1,0
3,15,2,9,2687,1,4,2,3,1,4,2,0,3,1,1,3,1,2,1,0
2,12,3,3,585,1,3,4,4,2,4,1,0,3,1,2,3,1,1,1,0
4,24,2,0,2255,5,2,4,3,1,1,2,1,3,2,1,3,1,1,1,0
1,6,4,0,609,1,4,4,2,1,3,2,0,3,2,2,3,1,1,2,0
1,6,4,0,1361,1,2,2,3,1,4,1,0,3,2,1,2,2,1,2,0
4,36,4,2,7127,1,2,2,2,1,4,2,0,3,1,2,3,1,2,1,1
1,6,2,0,1203,2,5,3,3,1,2,2,1,3,2,1,3,1,2,1,0
4,6,4,3,700,5,5,4,3,1,4,4,0,3,3,2,3,1,1,1,0
4,24,4,5,5507,1,5,3,3,1,4,4,1,3,3,2,3,1,1,1,0
1,18,2,3,3190,1,3,2,2,1,2,1,0,3,2,1,3,1,1,1,1
1,48,0,2,7119,1,3,3,3,1,4,4,1,3,3,2,3,2,1,1,1
4,24,2,1,3488,2,4,3,2,1,4,3,0,3,2,1,3,1,1,1,0
2,18,2,3,1113,1,3,4,2,3,4,1,0,3,2,1,2,2,1,1,0
2,26,2,1,7966,1,2,2,3,1,3,3,0,3,2,2,3,1,1,1,0
4,15,4,6,1532,2,3,4,2,1,3,3,0,3,2,1,3,1,1,1,0
4,4,4,3,1503,1,4,2,3,1,1,1,1,3,2,2,2,2,1,1,0
1,36,2,3,2302,1,3,4,1,1,4,3,0,3,1,1,3,1,1,1,1
1,6,2,0,662,1,2,3,3,1,4,1,1,3,2,1,2,2,2,1,0
2,36,2,6,2273,1,4,3,3,1,1,3,0,3,2,2,3,2,1,1,0
2,15,2,0,2631,2,3,2,2,1,4,3,0,3,1,2,3,1,2,1,1
4,12,3,1,1503,1,3,4,4,1,4,1,1,3,1,1,3,1,1,1,0
4,24,2,3,1311,2,4,4,4,1,3,2,0,3,2,1,3,1,2,1,0
4,24,2,3,3105,5,2,4,3,1,2,3,0,3,2,2,3,1,1,1,0
3,21,4,6,2319,1,2,2,1,1,1,3,0,3,1,1,3,1,1,1,1
1,6,2,0,1374,5,1,4,2,1,3,2,1,3,2,1,4,1,2,1,0
2,18,4,2,3612,1,5,3,2,1,4,2,0,3,2,1,3,1,2,1,0
1,48,2,0,7763,1,5,4,3,1,4,4,1,1,3,1,4,1,1,1,1
3,18,2,2,3049,1,2,1,2,1,1,2,1,2,2,1,2,1,1,1,0
2,12,2,3,1534,1,2,1,4,1,1,1,0,3,1,1,3,1,1,1,1
4,24,3,0,2032,1,5,4,3,1,4,4,1,3,3,2,3,1,2,1,0
1,30,2,2,6350,5,5,4,3,1,4,2,0,3,2,1,3,1,1,1,1
3,18,2,2,2864,1,3,2,3,1,1,1,0,3,2,1,2,2,1,1,1
4,12,4,0,1255,1,5,4,3,1,4,1,1,3,2,2,2,1,1,1,0
1,24,3,0,1333,1,1,4,3,1,2,1,1,3,3,2,3,2,1,1,1
4,24,4,0,2022,1,3,4,2,1,4,3,0,3,2,1,3,1,2,1,0
4,24,2,3,1552,1,4,3,3,1,1,3,0,1,2,1,3,2,1,1,0
1,12,1,3,626,1,3,4,2,1,4,1,0,1,2,1,2,1,1,1,1
4,48,4,1,8858,5,4,2,3,1,1,4,0,3,3,2,3,1,2,1,0
4,12,4,5,996,5,4,4,2,1,4,1,0,3,2,2,3,1,1,1,0
4,6,1,3,1750,3,5,2,3,1,4,2,1,1,2,1,2,2,1,1,0
1,48,2,3,6999,1,4,1,4,3,1,1,0,3,2,2,3,1,2,1,1
2,12,4,0,1995,2,2,4,3,1,1,3,0,3,2,1,3,1,1,1,0
2,9,2,6,1199,1,4,4,2,1,4,2,1,3,2,2,4,1,2,1,0
2,12,2,3,1331,1,2,2,3,1,1,3,0,2,2,1,3,1,1,1,1
2,18,0,0,2278,2,2,3,2,1,3,3,0,3,2,2,3,1,1,1,1
4,21,0,0,5003,5,3,1,2,1,4,2,0,1,2,2,3,1,2,1,1
1,24,1,2,3552,1,4,3,3,1,4,3,0,1,2,1,3,1,1,1,1
2,18,4,2,1928,1,2,2,3,1,2,1,0,3,2,2,2,1,1,1,1
1,24,2,1,2964,5,5,4,3,1,4,4,1,1,3,1,3,2,2,1,0
1,24,1,3,1546,1,4,4,3,3,4,3,0,1,1,1,2,1,1,1,1
3,6,3,3,683,1,2,2,2,1,1,2,0,1,2,1,3,1,1,1,0
2,36,2,0,12389,5,3,1,3,1,4,4,0,3,3,1,3,1,2,1,1
2,24,3,9,4712,5,3,4,3,1,2,2,0,1,2,2,4,1,2,1,0
2,24,3,3,1553,2,4,3,2,1,2,2,0,3,1,2,3,1,2,1,0
1,12,2,0,1372,1,4,2,1,1,3,3,0,3,2,1,3,1,1,1,1
4,24,4,3,2578,4,5,2,3,1,2,3,0,3,2,1,3,1,1,1,0
2,48,2,3,3979,5,4,4,3,1,1,3,1,3,2,2,3,2,2,1,0
1,48,2,3,6758,1,3,3,2,1,2,3,0,3,2,1,3,1,2,1,1
1,24,2,2,3234,1,2,4,2,1,4,1,0,3,1,1,2,1,2,1,1
4,30,4,3,5954,1,4,3,3,2,2,3,0,3,2,1,3,1,1,1,0
4,24,2,1,5433,5,1,2,2,1,4,2,0,3,1,1,4,1,2,1,0
1,15,2,9,806,1,3,4,2,1,4,2,0,3,2,1,2,1,1,1,0
2,9,2,3,1082,1,5,4,3,1,4,3,0,3,2,2,2,1,1,1,0
4,15,4,2,2788,1,4,2,2,2,3,3,0,1,2,2,3,1,1,1,0
2,12,2,3,2930,1,4,2,2,1,1,1,0,3,2,1,3,1,1,1,0
4,24,4,6,1927,5,3,3,2,1,2,3,0,3,2,2,3,1,2,1,0
2,36,4,0,2820,1,2,4,1,1,4,3,0,3,2,2,3,1,1,1,1
4,24,2,8,937,1,2,4,4,1,3,3,0,3,2,2,2,1,1,1,0
2,18,4,0,1056,1,5,3,3,3,3,1,0,1,2,2,3,1,1,1,1
2,12,4,0,3124,1,2,1,3,1,3,1,1,1,2,2,2,2,1,1,0
4,9,2,2,1388,1,3,4,2,1,2,1,0,3,1,1,3,1,1,1,0
2,36,2,5,2384,1,2,4,3,1,1,4,0,3,1,1,2,1,1,1,1
4,12,2,0,2133,5,5,4,2,1,4,4,1,3,3,1,4,1,2,1,0
1,18,2,2,2039,1,3,1,2,1,4,1,0,1,1,1,3,1,1,1,1
1,9,4,0,2799,1,3,2,3,1,2,1,0,3,1,2,3,2,1,1,0
1,12,2,2,1289,1,3,4,3,3,1,2,0,3,2,1,2,1,1,1,0
1,18,2,4,1217,1,3,4,4,1,3,1,1,3,2,1,2,1,2,1,1
1,12,4,2,2246,1,5,3,3,1,3,2,1,3,2,2,3,1,1,1,1
1,12,4,3,385,1,4,4,2,1,3,1,1,3,2,4,2,1,2,1,0
2,24,3,0,1965,5,3,4,2,1,4,3,1,3,1,2,3,1,2,1,0
4,21,2,9,1572,4,5,4,2,1,4,1,0,1,2,1,2,1,1,1,0
2,24,2,0,2718,1,3,3,2,1,4,2,0,3,1,1,2,1,2,1,1
1,24,1,10,1358,5,5,4,3,1,3,3,0,2,2,1,4,1,2,1,1
2,6,1,0,931,2,2,1,2,1,1,2,0,2,2,1,2,1,1,1,1
1,24,2,0,1442,1,4,4,2,1,4,3,0,3,1,2,3,1,1,1,1
2,24,0,9,4241,1,3,1,3,1,4,1,0,3,2,3,2,1,2,1,1
4,18,4,0,2775,1,4,2,3,1,2,2,0,1,2,2,3,1,1,1,1
4,24,3,9,3863,1,3,1,3,1,2,4,0,3,3,1,3,1,1,1,0
2,7,2,3,2329,1,2,1,2,3,1,1,1,3,2,1,3,1,1,1,0
2,9,2,2,918,1,3,4,2,1,1,2,0,3,2,1,3,1,1,1,1
2,24,1,6,1837,1,4,4,2,1,4,4,0,1,3,1,2,1,1,1,1
4,36,2,2,3349,1,3,4,2,1,2,3,0,3,2,1,4,1,2,1,1
3,10,2,2,1275,1,2,4,2,1,2,2,0,3,2,1,3,1,1,1,0
1,24,1,2,2828,3,3,4,3,1,4,1,0,2,2,1,3,1,2,1,0
4,24,4,9,4526,1,3,3,3,1,2,1,1,3,2,1,4,1,2,1,0
2,36,2,3,2671,2,3,4,2,2,4,4,1,3,3,1,3,1,1,1,1
4,18,2,3,2051,1,2,4,3,1,1,1,0,3,2,1,3,1,1,1,0
4,15,2,1,1300,5,5,4,3,1,4,4,1,1,3,1,3,2,1,1,0
1,12,2,4,741,2,1,4,2,1,3,2,0,3,2,1,3,1,1,1,1
3,10,2,0,1240,2,5,1,2,1,4,4,1,3,3,1,2,2,1,1,1
1,21,2,3,3357,4,2,4,2,1,2,3,0,1,2,1,3,1,1,1,0
1,24,1,1,3632,1,3,1,2,3,4,3,0,1,1,1,3,1,1,2,0
4,18,3,2,1808,1,4,4,2,1,1,1,0,3,2,1,3,1,1,1,1
2,48,0,9,12204,5,3,2,3,1,2,3,1,1,2,1,4,1,2,1,0
2,60,3,3,9157,5,3,2,3,1,2,4,0,3,3,1,4,1,1,1,0
1,6,4,0,3676,1,3,1,3,1,3,1,0,3,1,3,3,2,1,1,0
2,30,2,2,3441,2,3,2,2,2,4,3,0,3,1,1,3,1,1,1,1
4,12,2,0,640,1,3,4,1,1,2,1,1,3,2,1,2,1,1,1,0
2,21,4,9,3652,1,4,2,3,1,3,2,0,3,2,2,3,1,1,1,0
4,18,4,0,1530,1,3,3,3,1,2,2,0,1,2,2,3,1,1,1,1
4,48,2,9,3914,5,3,4,1,1,2,1,0,1,2,1,3,1,1,1,1
1,12,2,2,1858,1,2,4,2,1,1,3,0,3,1,1,3,1,1,1,0
1,18,2,3,2600,1,3,4,3,1,4,4,1,3,3,2,3,1,1,1,1
4,15,2,3,1979,5,5,4,3,1,2,3,0,3,2,1,3,1,1,1,0
3,6,2,2,2116,1,3,2,3,1,2,1,1,3,2,1,3,1,2,1,0
2,9,1,0,1437,2,4,2,3,1,3,4,0,3,2,1,3,1,1,1,1
4,42,4,2,4042,3,3,4,3,1,4,1,0,3,2,2,3,1,2,1,0
4,9,2,6,3832,5,5,1,3,1,4,1,1,3,2,1,2,1,1,1,0
1,24,2,3,3660,1,3,2,2,1,4,3,0,3,2,1,3,1,1,1,0
1,18,1,2,1553,1,3,4,3,1,3,3,1,1,2,1,3,1,1,1,1
2,15,2,3,1444,5,2,4,3,1,1,2,0,3,2,1,3,1,1,1,0
4,9,2,2,1980,1,2,2,2,2,2,3,0,3,1,2,3,1,1,1,1
2,24,2,0,1355,1,2,3,2,1,4,3,0,3,2,1,2,1,2,1,1
4,12,2,6,1393,1,5,4,3,1,4,2,1,1,2,3,3,2,2,1,0
4,24,2,3,1376,3,4,4,2,1,1,3,0,3,2,1,3,1,1,1,0
4,60,3,3,15653,1,4,2,3,1,4,3,0,3,2,2,3,1,2,1,0
4,12,2,3,1493,1,2,4,2,1,3,3,0,3,2,1,3,2,1,1,0
1,42,3,3,4370,1,4,3,3,1,2,2,0,1,2,2,3,2,2,1,1
1,18,2,6,750,1,1,4,2,1,1,1,0,3,2,1,1,1,1,1,1
2,15,2,5,1308,1,5,4,3,1,4,3,0,3,2,2,2,1,1,1,0
4,15,2,6,4623,2,3,3,3,1,2,2,0,3,2,1,4,1,2,1,1
4,24,4,3,1851,1,4,4,4,3,2,3,0,3,2,2,3,1,2,1,0
1,18,4,3,1880,1,4,4,4,1,1,2,0,3,2,2,4,1,2,1,0
4,36,3,9,7980,5,2,4,3,1,4,3,0,3,1,2,3,1,2,1,1
1,30,0,2,4583,1,3,2,1,3,2,1,0,3,2,2,3,1,1,1,0
4,12,2,0,1386,3,3,2,2,1,2,2,0,3,2,1,3,1,1,1,1
3,24,2,0,947,1,4,4,3,1,3,4,0,1,3,1,3,2,1,1,1
1,12,2,6,684,1,3,4,3,1,4,3,0,3,1,1,2,2,1,1,1
1,48,2,6,7476,1,4,4,3,1,1,4,1,3,3,1,4,1,2,1,0
2,12,2,2,1922,1,3,4,3,1,2,2,0,3,2,1,2,1,1,1,1
1,24,2,0,2303,1,5,4,3,2,1,1,1,3,2,1,3,1,1,1,1
2,36,3,0,8086,2,5,2,3,1,4,3,1,3,2,4,4,1,2,1,1
4,24,4,1,2346,1,4,4,3,1,3,3,0,3,2,2,3,1,2,1,0
1,14,2,0,3973,1,1,1,3,1,4,4,0,3,3,1,3,1,1,1,0
2,12,2,0,888,1,5,4,3,1,4,3,1,1,2,1,2,2,1,1,1
4,48,2,3,10222,5,4,4,3,1,3,3,0,2,2,1,3,1,2,1,0
2,30,0,9,4221,1,3,2,2,1,1,3,0,3,2,2,3,1,1,1,0
2,18,4,2,6361,1,5,2,3,1,1,4,1,3,2,1,3,1,2,1,0
3,12,2,3,1297,1,3,3,4,1,4,1,0,3,1,1,3,1,1,1,0
1,12,2,0,900,5,3,4,4,1,2,3,0,3,2,1,3,1,1,1,1
4,21,2,2,2241,1,5,4,3,1,2,1,1,3,2,2,3,1,1,1,0
2,6,3,2,1050,1,1,4,3,1,1,2,0,2,2,2,4,1,2,1,0
3,6,4,6,1047,1,3,2,2,1,4,2,1,3,2,1,2,1,1,1,0
4,24,4,10,6314,1,1,4,3,2,2,4,0,1,2,2,4,1,2,1,0
2,30,1,2,3496,4,3,4,3,1,2,3,0,2,2,1,3,2,2,1,0
4,48,1,9,3609,1,3,1,2,1,1,1,0,2,2,1,3,1,1,1,0
1,12,4,0,4843,1,5,3,3,2,4,2,1,3,1,2,3,1,2,1,1
3,30,4,3,3017,1,5,4,3,1,4,2,1,3,2,1,3,1,1,1,0
4,24,4,9,4139,2,3,3,3,1,3,2,0,3,2,2,2,1,2,1,0
4,36,2,9,5742,2,4,2,3,1,2,3,0,3,2,2,3,1,2,1,0
4,60,2,0,10366,1,5,2,3,1,4,2,1,3,2,1,4,1,2,1,0
4,6,4,0,2080,3,3,1,4,1,2,3,0,3,2,1,3,1,1,1,0
4,21,3,9,2580,3,2,4,3,1,2,1,1,1,2,1,2,2,1,1,1
4,30,4,3,4530,1,4,4,2,1,4,3,0,3,1,1,4,1,2,1,0
4,24,4,2,5150,1,5,4,3,1,4,3,0,3,2,1,3,1,2,1,0
2,72,2,3,5595,2,3,2,4,1,2,3,0,3,2,1,3,1,1,1,1
1,24,2,3,2384,1,5,4,3,1,4,1,1,1,1,1,2,1,1,1,0
4,18,2,3,1453,1,2,3,2,1,1,1,0,3,2,1,3,1,1,1,0
4,6,2,6,1538,1,2,1,2,1,2,4,1,3,2,1,3,1,1,1,0
4,12,2,3,2279,5,3,4,3,1,4,4,0,3,3,1,3,1,2,1,0
4,15,3,3,1478,1,3,4,4,1,3,1,0,1,2,2,3,1,1,1,0
4,24,4,3,5103,1,2,3,4,1,3,4,1,3,3,3,3,1,2,1,0
2,36,3,9,9857,2,4,1,3,1,3,2,0,3,2,2,2,2,2,1,0
4,60,2,0,6527,5,3,4,3,1,4,4,0,3,3,1,3,2,2,1,0
3,10,4,3,1347,5,4,4,3,1,2,2,0,3,2,2,3,1,2,1,0
2,36,3,0,2862,2,5,4,3,1,3,4,0,3,3,1,3,1,1,1,0
4,9,2,3,2753,2,5,3,3,2,4,3,0,3,2,1,3,1,2,1,0
1,12,2,0,3651,4,3,1,3,1,3,2,0,3,2,1,3,2,1,1,0
1,15,4,2,975,1,3,2,1,1,3,2,0,3,2,2,3,1,1,1,0
2,15,2,5,2631,2,3,3,2,1,2,1,0,3,2,1,2,1,1,1,0
2,24,2,3,2896,2,2,2,3,1,1,3,0,3,2,1,3,1,1,1,0
1,6,4,0,4716,5,2,1,3,1,3,1,1,3,2,2,2,2,1,1,0
4,24,2,3,2284,1,4,4,3,1,2,3,0,3,2,1,3,1,2,1,0
4,6,2,1,1236,3,3,2,3,1,4,2,1,3,1,1,3,1,1,1,0
2,12,2,3,1103,1,4,4,3,3,3,1,0,3,2,2,3,1,1,2,0
4,12,4,0,926,1,1,1,2,1,2,2,0,3,2,1,1,1,1,1,0
4,18,4,3,1800,1,3,4,3,1,2,3,0,3,2,2,3,1,1,1,0
3,15,2,6,1905,1,5,4,3,1,4,3,0,3,1,1,4,1,2,1,0
